code,total,fi_start,fi_end
linear-cpu-stress-userapi-051516,180,30,129
linear-cpu-stress-redis-091514,150,30,100
linear-memory-stress-userapi-051218,180,31,104
linear-memory-stress-redis-091522,150,30,100
linear-network-delay-userapi-051816,179,30,120
linear-network-delay-redis-092016,150,31,125
linear-cpu-stress-identity-100410,150,31,38
linear-cpu-stress-userhandlers-100517,150,31,150
linear-memory-stress-identity-100414,150,31,47
linear-memory-stress-userhandlers-100609,150,30,110
